Employee_ID,Name,Age,Years_of_Experience,Department_ID,Department_Name,Salary
1,Timothy Edwards,34,10,3,Engineering,7848.16
2,Daniel Ramos,23,3,1,Human Resources,4216.77
3,Krista Martinez,41,7,5,Marketing,6171.51
4,Timothy Fields,42,6,5,Marketing,5175.49
5,Kevin Jones MD,,2,5,Marketing,3780.82
6,Alexis Kemp,,7,1,Human Resources,4934.86
7,Denise Sanford,,17,2,Finance,8766.37
8,Carlos Good,,0,1,Human Resources,3062.1
9,Tina Valdez,25,3,1,Human Resources,3789.09
10,Jason Cooper,34,4,4,Sales,4684.51
11,Benjamin Conway,24,4,2,Finance,4807.84
12,Richard Fisher,49,10,5,Marketing,6897.48
13,Keith Greene,38,12,2,Finance,6403.95
14,Cody Norris,41,14,4,Sales,5543.27
15,Thomas Baker,55,13,1,Human Resources,4882.43
16,Sandra Malone,36,16,4,Sales,7174.7
17,Shelly Young,42,1,1,Human Resources,2743.07
18,Mackenzie Eaton,41,14,3,Engineering,8292.19
19,William Perkins,42,1,3,Engineering,
20,Alex Wade,31,0,4,Sales,
21,Ariel Mason,27,7,3,Engineering,
22,Ryan Malone,46,9,1,Human Resources,
23,Connie Daniels,51,13,2,Finance,
24,Carol Galloway,53,18,3,Engineering,
25,Patrick Hayes,22,4,2,Finance,
26,Marie Evans,57,19,3,Engineering,
27,Leah Lee,50,19,2,Finance,
28,Bryan Osborne,36,14,5,Marketing,
29,Kelly Schultz,50,1,3,Engineering,
30,Stefanie Martin,52,1,5,Marketing,
31,Denise Perez,54,18,4,Sales,
32,Adrian Brown,26,2,3,Engineering,
33,Eddie Austin,46,8,1,Human Resources,
34,Diane Robinson,56,1,2,Finance,
35,Jason Dawson,55,13,4,Sales,
36,Crystal Ferrell,41,12,5,Marketing,
37,Justin Mcdonald,30,12,4,Sales,5092.47
38,Diana Robertson,25,5,4,Sales,4346.31
39,Marisa Hayes,52,12,2,Finance,6664.93
40,Amber Garcia,25,6,2,Finance,4745.2
41,Michael Hebert,36,11,2,Finance,6834.35
42,Christopher Carroll,50,1,4,Sales,3152.67
43,Sherry Nichols,38,6,5,Marketing,4936.7
44,Jason Torres,46,14,1,Human Resources,5031.27
45,Steven Washington,29,1,2,Finance,3853.02
46,Whitney Sloan,59,3,5,Marketing,4785.97
47,James Brady DDS,43,12,2,Finance,6221.1
48,Mark Davis,54,3,2,Finance,4961.21
49,Henry Shaw,49,17,2,Finance,8548.34
50,Melissa Walker,30,3,2,Finance,5005.88
51,Jason Adams,51,16,1,Human Resources,6346.72
52,Linda Maldonado,54,7,4,Sales,6038.9
53,Tracey Lowe,29,10,5,Marketing,6315.29
54,Kara Ellis,58,6,1,Human Resources,4219.76
55,Crystal Zamora,58,18,1,Human Resources,5852.78
56,Matthew Owens,42,7,2,Finance,6994.02
57,Jacqueline Hartman,29,11,3,Engineering,7342.86
58,Suzanne Jackson,30,6,3,Engineering,6743.13
59,Bailey Ibarra MD,44,14,3,Engineering,7990.1
60,Heather Williams,34,16,3,Engineering,9775.3
61,Terry Vasquez,28,10,2,Finance,6569.87
62,Natalie Robinson,34,15,5,Marketing,8326.17
63,Courtney Wilson,51,10,1,Human Resources,4324.19
64,Jim Bishop,25,3,1,Human Resources,3640.22
65,Miguel Callahan,36,14,5,Marketing,6672.7
66,Kimberly Caldwell,32,2,1,Human Resources,3099.83
67,Cody Smith,30,0,1,Human Resources,3279.63
68,Daniel Simpson,25,4,4,Sales,4787.54
69,Tara Conner,25,7,1,Human Resources,5232.74
70,Erin Fernandez,27,7,1,Human Resources,4994.44
71,Julia Brown,43,13,4,Sales,5373.82
72,Ryan West,41,4,3,Engineering,5986.97
73,Carla Hansen,55,0,2,Finance,4225.46
74,Catherine Dudley,22,2,5,Marketing,4115.32
75,Rebecca Matthews,29,0,5,Marketing,3638.55
76,Diane Woods,31,2,3,Engineering,4860.05
77,Fernando Smith,26,2,3,Engineering,5456.8
78,Jacqueline Reyes,57,10,4,Sales,5600.45
79,Kimberly Ferguson,51,2,1,Human Resources,2959.64
80,James Hawkins,50,17,1,Human Resources,5949.24
81,Jessica Simpson,49,6,3,Engineering,6121.55
82,Shane Cox,60,10,4,Sales,5452.95
83,Chelsea English,45,20,4,Sales,6817.74
84,Kevin Lewis,58,14,5,Marketing,5827.01
85,Mathew Foster,50,7,4,Sales,5899.68
86,Tony Brown,34,2,4,Sales,3441.55
87,Nicole Chase,57,4,2,Finance,5535.07
88,Theresa House,55,14,2,Finance,6848.45
89,Dana Rogers,44,10,1,,4523.51
90,Alexis Turner,50,3,5,,5363.65
91,Heather Santana,34,7,4,,5568.96
92,Benjamin Casey,32,2,4,,3766.11
93,Deborah Wall,55,9,4,,5281.63
94,Mark Alvarez,28,6,2,,5384.93
95,John Hale,56,13,3,,8172.4
96,Charles Boone,30,7,4,,5370.74
97,Tasha Bass DVM,32,0,1,Human Resources,2781.96
98,Phyllis Peterson,58,4,3,Engineering,6697.13
99,Angela Wolfe,39,7,4,Sales,5867.23
100,Kathy Larson,49,0,3,Engineering,4815.63
101,Jackie Obrien,42,1,5,Marketing,4115.87
102,John Petersen,31,5,4,Sales,4454.57
103,Andrew Jones,57,5,3,Engineering,6777.17
104,April Gibson,60,16,3,Engineering,9398.43
105,Rebecca Rodriguez,40,17,3,Engineering,10780.43
106,Natalie Mcclain,26,5,4,Sales,4356.54
107,Jennifer Steele,40,11,3,Engineering,7788.46
108,Veronica Le,51,14,5,Marketing,5834.36
109,Michael Rogers,57,10,1,Human Resources,4427.05
110,Kristen Miller,53,10,1,Human Resources,4815.23
111,Kristie Mccann,32,0,3,Engineering,4767.59
112,Jerry Kim,42,1,3,Engineering,5335.48
113,Timothy Sullivan,52,8,4,Sales,5056.46
114,Randall Callahan,44,12,1,Human Resources,4683.93
115,Kimberly Peters,25,0,5,Marketing,3869.88
116,Deborah Douglas,25,7,2,Finance,5784.74
117,Brenda Howe,32,4,3,Engineering,6011.68
118,Michelle Melendez,35,1,3,Engineering,4913.64
119,Brandon Hahn,23,1,1,Human Resources,2995.72
120,Stephanie Hurley,55,20,5,Marketing,7846.86
121,Tim Williams,48,15,2,Finance,8049.5
122,Jacob Johnson,50,18,2,Finance,8152.21
123,Jennifer Park,50,1,2,Finance,3607.94
124,Scott Jones,39,13,5,Marketing,6354.04
125,Kathleen Cameron,54,9,2,Finance,6993.28
126,Alvin Hendricks,51,17,3,Engineering,10038.06
127,James Carter,34,6,4,Sales,4711.56
128,Jerry Vang,37,1,2,Finance,3849.49
129,Kathryn Robinson,22,2,4,Sales,3691.79
130,Jennifer Hawkins,55,14,3,Engineering,8436.67
131,Jeffrey Foster,60,2,5,Marketing,4017.04
132,Rebecca Howell,48,9,1,Human Resources,5256.97
133,John Pena,51,16,4,Sales,6475.77
134,Gina Reid,27,8,3,Engineering,7227.12
135,Kayla Jones,58,16,2,Finance,8432.25
136,Erica Parker,48,2,5,Marketing,4245.72
137,Michael Villa,53,6,3,Engineering,6006.27
138,Lisa Olsen,22,4,3,Engineering,6195.26
139,Jesus Hamilton,40,2,5,Marketing,3614.04
140,Raymond Bryant,22,1,1,Human Resources,2875.99
141,Derrick Ramirez,24,6,2,Finance,5484.07
142,Brenda Williams,34,7,5,Marketing,6422.99
143,Robert Phillips,33,11,1,Human Resources,4654.17
144,Charles Johnson,33,1,3,Engineering,4871.74
145,Gary Harvey,43,13,2,Finance,5761.73
146,Jennifer Hubbard,47,0,3,Engineering,4799.8
147,Brenda Aguilar,41,15,1,Human Resources,6175.75
148,Nicole Lambert,53,2,2,Finance,4379.36
149,Patricia Munoz,44,9,2,Finance,6844.24
150,Autumn Gonzales,37,18,1,Human Resources,5428.31
151,Virginia Cruz,58,8,1,Human Resources,5182.62
152,Brandy Berg,33,10,5,Marketing,6762.49
153,Juan Holder,39,13,3,Engineering,8448.6
154,Sarah Adams,30,5,5,Marketing,5156.32
155,Lindsey Cowan,39,11,1,Human Resources,4702.09
156,Grace Williams DDS,50,6,4,Sales,4370.65
157,Maria Chapman,28,4,2,Finance,4748.32
158,Anthony Hartman,22,1,5,Marketing,3782.59
159,Emily Duncan,46,12,4,Sales,5316.2
160,Katie Martin,26,6,4,Sales,4535.51
161,Joshua Washington,28,7,1,Human Resources,5037.55
162,Gregory Blair,27,0,1,Human Resources,2984.29
163,Mrs. Jodi Gonzalez,53,8,5,Marketing,5834.04
164,Anthony Johnston,42,10,5,Marketing,6985.97
165,Cameron Garza,54,12,5,Marketing,6966.69
166,Danielle Carlson,37,10,3,Engineering,8456.3
167,Donna Cummings,56,19,3,Engineering,10982.66
168,William Ortiz,37,8,3,Engineering,8071.17
169,Matthew Edwards,35,2,5,Marketing,4370.21
170,Elizabeth Green,22,3,5,Marketing,4758.63
171,Robin Taylor,41,6,4,Sales,4427.77
172,Barbara Stark,60,7,5,Marketing,6048.49
173,Miranda Wallace,34,7,5,Marketing,6010.67
174,Michael Christian,22,4,1,Human Resources,3619.83
175,Charles Williams,43,11,1,Human Resources,4917.52
176,Jessica Hancock,58,5,2,Finance,5492.57
177,Terry Hill,48,4,4,Sales,4621.25
178,Rachel Anderson,58,17,1,Human Resources,5576.36
179,Kari White,22,0,4,Sales,3717.79
180,Katelyn Wilson,59,19,2,Finance,8217.53
181,Cheryl Green,46,2,5,Marketing,3910.53
182,Colleen Cox,40,3,2,Finance,5381.1
183,Jimmy Horton,43,3,5,Marketing,4950.3
184,Melanie Garcia,51,2,5,Marketing,3876.15
185,Kevin Snyder,30,1,4,Sales,3792.24
186,Larry Lee,56,18,1,Human Resources,5748.61
187,Meghan Dawson,53,9,5,Marketing,6361.58
188,Stephen Reynolds,51,1,4,Sales,3773.1
189,Mariah Potter,56,9,2,Finance,6665.88
190,George Mcmahon,33,15,2,Finance,7299.53
191,Amanda Webb DVM,51,5,3,Engineering,6041.49
192,Tom Allen,30,10,5,Marketing,5770.04
193,Andrea Miller,27,4,5,Marketing,5336.16
194,Brittany Bennett,53,16,2,Finance,7916.28
195,Mrs. Mary Gutierrez,56,19,2,Finance,7414.84
196,Michael Sanders,38,8,5,Marketing,6986.16
197,Brenda Harris,42,5,5,Marketing,5230.85
198,Kimberly Maxwell,29,3,5,Marketing,4931.57
199,Kathleen Freeman,38,8,3,Engineering,8000.97
200,Lori Hamilton,28,10,2,Finance,6629.91
201,Stephanie Gomez,32,6,5,Marketing,4759.29
202,Paige Clayton,38,9,4,Sales,5347.67
203,Randall James,58,9,4,Sales,5943.8
204,James Williams,34,0,1,Human Resources,2975.8
205,Ronnie Dorsey,42,15,5,Marketing,8074.52
206,Joseph Hendricks,30,5,4,Sales,4488.86
207,Thomas Patterson,25,5,2,Finance,4725.66
208,Savannah Pham,42,12,2,Finance,5972.16
209,Jack Peters,57,12,4,Sales,5539.01
210,Eric Spencer,30,9,5,Marketing,6027.76
211,Jason Jones,39,17,2,Finance,7279.97
212,Patricia Shepherd,40,0,1,Human Resources,3206.19
213,Bill Adams,22,2,2,Finance,4384.95
214,Mary Garrett,27,4,5,Marketing,5504.87
215,Shelby Andrade,49,9,4,Sales,5996.24
216,Catherine Harrington,55,4,4,Sales,4315.2
217,Raymond Mitchell,54,0,3,Engineering,5460.63
218,Shawn Pena,49,6,3,Engineering,6106
219,Kimberly Mills,41,13,2,Finance,6977.83
220,Jesus Bryant,53,19,1,Human Resources,6593.78
221,Jocelyn Allen,23,4,4,Sales,4742.67
222,Marc Cunningham,52,12,1,Human Resources,5261.9
223,Derek Mckinney,38,19,2,Finance,8111.26
224,Tracy Huber,32,10,3,Engineering,7615.27
225,Amanda Henry,22,1,2,Finance,3949.6
226,Mary Morales,51,2,5,Marketing,4074.85
227,Daniel Contreras,48,1,2,Finance,3658.47
228,Kathleen Fuentes,57,6,1,Human Resources,3995.43
229,Brittney Nichols,34,0,1,Human Resources,3288.71
230,Tyler Gibson,47,12,4,Sales,5252.92
231,Martha Yang,53,2,2,Finance,4234.08
232,Michael Flores,35,2,3,Engineering,5407.9
233,Dwayne Washington,58,17,3,Engineering,10887.4
234,Denise Robinson,37,17,4,Sales,7644.19
235,Raymond Walker,54,18,5,Marketing,8034.34
236,Tracy Becker,24,3,4,Sales,4984.35
237,Kevin Richardson,52,1,1,Human Resources,3154.39
238,Kristin Brown,48,12,1,Human Resources,4475.2
239,James Bauer,37,17,1,Human Resources,5972.28
240,Madison Carroll,59,14,1,Human Resources,5009.6
241,Caroline Stout,53,10,3,Engineering,7595.74
242,Heidi Guerrero,39,14,4,Sales,5757.49
243,Kyle Norton,25,1,2,Finance,4133.28
244,Michael Payne,41,9,5,Marketing,5968.26
245,Mark Smith,34,4,1,Human Resources,3950.77
246,Kristin Webster,31,4,3,Engineering,6853.11
247,Hannah Williams,57,8,2,Finance,6398.59
248,Tiffany Serrano,27,1,1,Human Resources,2707.26
249,Robert Perez,49,19,3,Engineering,9018.08
250,Erin Mcintyre,41,7,3,Engineering,7771.25
251,Amanda Christian,23,2,5,Marketing,4340.96
252,Jennifer Wells,44,9,4,Sales,5296.12
253,Lawrence Watkins,35,14,3,Engineering,8214.98
254,Kristen Coffey,24,5,4,Sales,4297.09
255,Susan Acosta,52,14,4,Sales,5400.27
256,Kim Marshall,60,17,1,Human Resources,6417.65
257,Jessica Ponce,40,0,2,Finance,4183.09
258,Meagan Evans,48,6,3,Engineering,5974.02
259,Michael Torres,50,13,2,Finance,6308.74
260,Isaac Schultz,42,20,3,Engineering,9058.34
261,Brandon Kennedy,48,7,3,Engineering,7969.42
262,William Andrews,47,13,1,Human Resources,4955.94
263,Angel Brown,23,4,5,Marketing,4803.24
264,Oscar Campbell,26,1,5,Marketing,3831.11
265,Kevin Sweeney,31,1,1,Human Resources,2938.7
266,Stephanie Leonard,29,9,3,Engineering,8671.25
267,Vickie Ortiz,31,8,1,Human Resources,5273.52
268,Sara Green,22,3,5,Marketing,4726.71
269,Ian Sosa,47,19,5,Marketing,8417.61
270,Jennifer Walton MD,40,0,3,Engineering,4871.72
271,Brittney Bright,49,5,2,Finance,5088.16
272,Valerie Clayton,23,5,3,Engineering,6830.54
273,Laura Martin,22,0,4,Sales,3792.9
274,Maria Stone,32,4,1,Human Resources,4251.72
275,Alison Atkins,34,8,3,Engineering,8123.4
276,Scott Hall,43,11,4,Sales,5439.98
277,Jose Miller,33,4,1,Human Resources,4124.29
278,Heather Smith,42,11,4,Sales,5321.12
279,Mark Garcia,53,12,4,Sales,5671.76
280,Alexander Nelson,36,1,2,Finance,3886.86
281,Thomas Conner,44,18,3,Engineering,10313.26
282,Joseph Levine,25,1,4,Sales,3318.28
283,David Martinez,30,6,5,Marketing,4879.26
284,Jeremy Hendricks,45,14,2,Finance,6935.35
285,Kristopher Jenkins,38,18,5,Marketing,7362.89
286,Seth Klein,30,4,1,Human Resources,3904.65
287,Jordan Rios,28,4,4,Sales,4295.98
288,Jeffrey Delgado,58,3,3,Engineering,5900.61
289,Mr. Dennis Mcpherson Jr.,60,5,2,Finance,4717.46
290,Joshua Morrison,35,3,3,Engineering,6077.79
291,Scott Hood,40,14,5,Marketing,6869.47
292,Sabrina Schmidt,54,4,3,Engineering,6217.22
293,Ashley Williams,48,2,4,Sales,3815.32
294,Sonya Chen,51,13,5,Marketing,6504.48
295,Andrew Parker,43,20,5,Marketing,7898.58
296,Jonathan White,29,7,1,Human Resources,4876.89
297,Larry Macias,35,1,3,Engineering,5016.7
298,David Moon,54,20,2,Finance,8414.04
299,Joshua Hill,31,12,5,Marketing,6121.59
300,Cynthia Miller,35,2,5,Marketing,3882.44
301,Charles Rice,32,7,5,Marketing,6904.44
302,Vanessa Davis,57,6,3,Engineering,7080.39
303,Tammy Smith,38,3,2,Finance,5608.26
304,Robert Schmidt,29,5,2,Finance,5116.23
305,James Moore,42,7,4,Sales,5914.01
306,Lauren Smith,35,10,2,Finance,6369.71
307,Mike Estrada,40,19,1,Human Resources,5997.05
308,Daisy Stewart,22,3,3,Engineering,6116.08
309,Alicia Lewis,33,4,1,Human Resources,3971.08
310,Amanda Haas,53,3,2,Finance,4873.58
311,Christopher Williams,38,16,2,Finance,7730.5
312,Taylor Bush,45,7,1,Human Resources,5140.83
313,Tina Velasquez,46,5,4,Sales,4283.44
314,Pamela Watson,22,0,4,Sales,3199.81
315,Robert Oneill,36,5,2,Finance,4751.77
316,Nicole Green,26,7,5,Marketing,6964.2
317,Kevin Richardson,30,11,3,Engineering,8011.07
318,Jason Allen,40,4,1,Human Resources,3829.34
319,Dan Wilson,24,3,3,Engineering,6904.14
320,Jon Ward,37,16,1,Human Resources,6402.99
321,Curtis Gamble,39,9,2,Finance,6185.2
322,Anthony Rogers DVM,32,9,5,Marketing,6647.83
323,Tony Williamson,48,5,3,Engineering,6852.46
324,Shawn Miller,27,8,4,Sales,5773.21
325,Heather Abbott,48,1,1,Human Resources,2790.96
326,Tina Cruz,28,3,5,Marketing,5590.92
327,Paul Jackson,52,2,2,Finance,4031.28
328,Andrea Gomez,25,5,5,Marketing,4973.77
329,Colleen Martin,23,2,5,Marketing,3940.18
330,Cassandra Davis,44,17,4,Sales,6352.6
331,Carrie Butler,45,12,4,Sales,5183.21
332,Julie Peterson,35,1,1,Human Resources,3159.33
333,Christopher Berry,59,12,3,Engineering,7200.02
334,Eric Crosby,42,14,4,Sales,5506.55
335,Amber White,45,10,3,Engineering,8036.02
336,Lauren Conner,29,0,4,Sales,3188.24
337,Walter Watson,26,5,5,Marketing,5692
338,Jeffrey Stout,41,15,1,Human Resources,5671.35
339,Roberta Hernandez,27,8,4,Sales,5380.7
340,Andrew Goodman,49,7,2,Finance,6149.05
341,Emily Jacobson,44,3,5,Marketing,4919.63
342,Virginia Dunn,22,0,1,Human Resources,2700.88
343,Jonathan Browning,33,10,5,Marketing,6693.56
344,Lance Horn,55,8,1,Human Resources,5248.17
345,Allison Thornton,53,4,2,Finance,4913.27
346,Leslie Morris,29,9,1,Human Resources,4956.53
347,Brittany Warner,50,7,1,Human Resources,5032.22
348,Janice Preston,37,11,5,Marketing,6845.98
349,Pamela Hurley,37,1,2,Finance,3938.1
350,Dr. Adrian Johnson Jr.,54,8,4,Sales,5379.28
351,David Baker,47,2,1,Human Resources,2895.18
352,Mindy Murphy,28,7,4,Sales,5838.14
353,Gary Bennett,60,2,5,Marketing,4253.42
354,Alisha Moreno,45,5,1,Human Resources,3651.66
355,Robin Wu,49,20,3,Engineering,9741.88
356,Natalie Barrett,45,15,5,Marketing,8643.1
357,Debra Ortega,56,4,1,Human Resources,4139.22
358,Jeffrey Hunter,45,5,5,Marketing,5704.25
359,Johnathan Thompson,23,2,2,Finance,4203.4
360,Elijah Kaufman,52,9,1,Human Resources,4697.47
361,Mary Bautista,42,1,2,Finance,4072.51
362,Christina Thornton,33,2,2,Finance,4128.81
363,Cameron Larsen,26,3,1,Human Resources,3571.2
364,Geoffrey Clark,37,12,2,Finance,6456.96
365,Tracy Lewis,28,5,4,Sales,4740.48
366,Maria Smith,22,1,2,Finance,3733.86
367,Lori Weber,50,6,4,Sales,4805.37
368,Joshua Castaneda,39,14,3,Engineering,8134.04
369,Chris Grimes,55,18,2,Finance,8723.55
370,Frank Wheeler,41,6,5,Marketing,4724.12
371,Collin Garrett,56,10,4,Sales,5337.17
372,James Patterson,51,16,1,Human Resources,6121.86
373,Andrew Williams,40,9,1,Human Resources,4604.7
374,Robin Martinez,43,13,4,Sales,5840.16
375,Jamie Orozco,58,14,5,Marketing,6731.53
376,Nathaniel Yoder,50,13,5,Marketing,5891.22
377,David Hernandez,59,9,1,Human Resources,4813.3
378,Kyle Blair,29,3,4,Sales,4558.09
379,Kelly Roach,25,5,3,Engineering,6330.07
380,Angela Johnson,47,7,4,Sales,6084.88
381,Eric Ryan,30,11,3,Engineering,8524.01
382,Heather Harvey,36,13,4,Sales,5820.87
383,Samantha Acosta,48,18,2,Finance,8342.92
384,Michael Gallagher,27,0,2,Finance,3969.37
385,Christopher Chapman,28,7,2,Finance,6938.87
386,Linda Rangel,44,20,4,Sales,7272.43
387,Patricia Chase,44,4,1,Human Resources,4078.61
388,Shane Dawson,42,11,1,Human Resources,5147.22
389,Timothy Adams,29,9,2,Finance,6110.81
390,Caitlin Molina,31,6,1,Human Resources,4139.52
391,Mathew Walsh,60,11,4,Sales,5258.67
392,Jason Miller,57,7,2,Finance,6202.04
393,Ann Ortega,46,14,1,Human Resources,4642.19
394,Brandon Ramos,41,2,2,Finance,4382.82
395,Thomas Barnett,34,14,5,Marketing,6856.37
396,Lisa Rivera,58,1,1,Human Resources,3120.7
397,Mackenzie Beard,28,10,4,Sales,5854.3
398,Sherry Hartman,49,16,2,Finance,8099.32
399,Christopher Kim,28,10,5,Marketing,6972.28
400,Ronald Small,44,13,4,Sales,5595.81
401,Vanessa Taylor,38,17,4,Sales,6832.72
402,Christine Braun,27,8,5,Marketing,5968.69
403,Aaron Olson,58,10,4,Sales,5920.55
404,Christine Kirby,37,13,5,Marketing,6700.09
405,Brittany Hanna,38,10,3,Engineering,7814.97
406,Kelly Gonzales,30,7,3,Engineering,7240.31
407,Brooke Cameron,40,6,3,Engineering,6940.7
408,Whitney Wagner,22,2,4,Sales,3157.99
409,James Curtis,51,14,4,Sales,5828.14
410,Joshua Morrison,54,7,2,Finance,7001.93
411,Jennifer Bautista,60,16,4,Sales,6912.73
412,Kara Young,55,15,1,Human Resources,5681.97
413,Kathryn Bailey,56,2,5,Marketing,4163.9
414,Andrew Bowers,26,1,2,Finance,4253.7
415,Joseph Stein,25,3,1,Human Resources,3936.22
416,Shirley Russell,27,0,5,Marketing,4373.63
417,Jacob Pruitt,29,7,3,Engineering,7282.67
418,Nathan Kelly,47,16,2,Finance,8007.67
419,Dawn Dixon,52,7,3,Engineering,8349.53
420,Jeff Camacho,48,16,3,Engineering,10725.28
421,Brian Reyes,48,17,1,Human Resources,5615.11
422,Richard Chen,24,2,4,Sales,3710
423,Veronica Wallace,35,13,5,Marketing,6467.47
424,Curtis Luna,46,11,2,Finance,6267.59
425,Travis Burch,49,15,2,Finance,7410.74
426,Darren Thompson,22,4,2,Finance,5579.91
427,Jennifer Daniel,56,4,5,Marketing,4843.56
428,Larry Gonzalez,36,17,1,Human Resources,5771.75
429,Matthew Wilson,53,14,3,Engineering,7664.07
430,Aaron Smith,51,19,3,Engineering,10742.83
431,Kelly Mcclure,26,1,4,Sales,3620.89
432,Kyle Graham,50,9,3,Engineering,8474.69
433,Mariah Adams,51,5,3,Engineering,6175.61
434,Julie Sexton,22,3,5,Marketing,5329.87
435,Christine Archer,43,9,4,Sales,5680.36
436,Eric Cook,27,8,4,Sales,5972.77
437,Eric Poole,44,18,4,Sales,7568.52
438,Chad Thomas,50,5,2,Finance,4692.64
439,Jared Deleon,28,2,4,Sales,3621.81
440,Daniel Wright,55,17,4,Sales,6372.57
441,Natasha Price,35,14,3,Engineering,8078.17
442,Jordan Williams,58,2,3,Engineering,4787.63
443,Erin Wood,30,3,2,Finance,4999.05
444,Michelle Gonzalez,34,6,4,Sales,4416.19
445,Ralph Sloan,55,8,3,Engineering,8194.07
446,Leslie Maynard,28,6,4,Sales,4398.99
447,Melissa Shields,37,3,3,Engineering,6802.51
448,Darlene Salazar,22,4,2,Finance,5100.71
449,Kimberly Henry,25,6,3,Engineering,5938.86
450,Cheyenne Lopez,60,7,2,Finance,6763.21
451,Mrs. Nicole Gonzalez,37,7,2,Finance,6125.77
452,Shawn Lopez,55,1,4,Sales,3452.94
453,Tammy Noble,31,2,2,Finance,4148.36
454,Susan Harper,52,9,2,Finance,6185.54
455,Kathryn Campbell,58,12,5,Marketing,5832.43
456,David Gallagher,27,8,3,Engineering,7798.27
457,William Matthews,25,7,5,Marketing,6968.89
458,Janice Anderson,56,12,3,Engineering,8226.78
459,Susan Anderson,34,5,3,Engineering,6722.92
460,Patrick Owens,48,14,1,Human Resources,4926.99
461,Tara Summers,31,9,1,Human Resources,4511.03
462,Angela Williamson,23,3,2,Finance,5115.07
463,Shelly Taylor,57,15,2,Finance,8401.5
464,Amy Holmes,40,20,2,Finance,7362.2
465,Ashley King,36,11,1,Human Resources,4586.74
466,Anthony Hartman,35,11,4,Sales,5349.48
467,Matthew Suarez,43,9,5,Marketing,6312.98
468,Samuel Peterson,27,3,5,Marketing,5699.58
469,Isaac Curry,56,14,5,Marketing,5846.4
470,Carol Garcia,26,6,1,Human Resources,3914.59
471,Haley Morton,49,11,1,Human Resources,4492.19
472,Angel Price,41,1,1,Human Resources,3282.41
473,Joseph Rogers,30,12,1,Human Resources,4428.77
474,Henry Lewis,36,7,5,Marketing,6276.61
475,Carrie Morgan,38,10,5,Marketing,6704.49
476,Benjamin Martin,41,17,1,Human Resources,6245.47
477,Charles Hart,56,5,3,Engineering,6399.55
478,Alexandra Ferrell,41,7,5,Marketing,6203.55
479,Mr. Andrew Johnson,47,8,3,Engineering,7836.18
480,Donna York,42,1,2,Finance,3811.42
481,Mr. Jermaine Parker,39,4,3,Engineering,6116.93
482,Ricardo Tyler,25,0,1,Human Resources,2989.82
483,Kimberly Sullivan,58,18,1,Human Resources,5722.24
484,Michele Walters,34,16,4,Sales,6702.45
485,Jacqueline Rodriguez,41,7,4,Sales,5775.57
486,Mary Mann,45,15,4,Sales,7655.95
487,Lisa Erickson,57,17,1,Human Resources,6124.36
488,Karen Grant,27,0,1,Human Resources,2746.19
489,Gail Norman,55,2,3,Engineering,4575.58
490,Steven White,27,0,3,Engineering,5451.42
491,Stephanie Taylor,30,7,1,Human Resources,4605.4
492,Cassie Osborn,23,2,2,Finance,3673.65
493,Eddie Parker,40,5,1,Human Resources,3977.25
494,Joshua Bradley,59,2,5,Marketing,4098.92
495,Kelly Walker,28,5,1,Human Resources,4015.83
496,John Mcintosh,53,10,3,Engineering,7627.84
497,Shelby Leonard,46,18,3,Engineering,9030.22
498,Kristina Chan,39,5,5,Marketing,5683.62
499,Terri Wilson,37,7,5,Marketing,6081.14
500,Donald Thomas,36,2,3,Engineering,5176.03
501,Lisa Crawford,27,2,3,Engineering,5206.63
502,Kevin Becker,43,20,5,Marketing,8176.01
503,Jesse Jenkins,43,5,5,Marketing,5005.42
504,Kevin Thompson,30,12,5,Marketing,6107
505,Dustin Patterson,52,11,3,Engineering,8156.27
506,Peter Potts,53,1,4,Sales,3756.27
507,Lisa Hayes,39,14,1,Human Resources,5228.86
508,Michelle Thomas,47,6,4,Sales,4191.37
509,Robert Schwartz,51,12,1,Human Resources,4468.64
510,Katrina Blackburn,27,0,1,Human Resources,3266.84
511,Jessica Jones,42,16,2,Finance,8378.46
512,Jeffrey Harvey,32,10,1,Human Resources,5167.67
513,Scott Paul,38,2,2,Finance,3762.11
514,Karina Goodwin,35,7,5,Marketing,6512.11
515,Lisa Ward,27,7,3,Engineering,8321.82
516,Savannah Wright,59,11,4,Sales,5801.73
517,Ronnie Sexton,30,1,4,Sales,3435.71
518,Sean Murillo,56,17,5,Marketing,7224.63
519,Julie George,60,13,1,Human Resources,4879.61
520,Ryan Berry,55,3,5,Marketing,4943.23
521,Robin Mcclure,54,20,3,Engineering,9900.51
522,Jamie Washington,44,6,4,Sales,4966.4
523,Douglas Snow,57,4,4,Sales,4458.12
524,Carly Herrera,56,3,2,Finance,5553.39
525,Anthony Campbell,53,3,3,Engineering,6095.1
526,Jason Park,57,10,2,Finance,6620.75
527,Nancy Ortega,25,1,1,Human Resources,3286.2
528,Tamara Reid,48,17,5,Marketing,7363.03
529,Lauren Jackson,37,3,1,Human Resources,3516.49
530,Miguel Bell,48,9,5,Marketing,6314.99
531,Matthew Lawson,45,15,5,Marketing,7348.2
532,Jesus Bennett,60,18,2,Finance,8397.41
533,Martha Olson,55,16,2,Finance,8663.28
534,Michael Reed,22,4,5,Marketing,5131.38
535,Anna Grant,23,4,4,Sales,4330.43
536,Tracy Hurst,49,1,5,Marketing,3947.52
537,Maria Williams,29,6,4,Sales,4753.34
538,Rebecca Rogers,43,0,4,Sales,3156.34
539,Sarah Jackson,44,5,1,Human Resources,3969.77
540,Allen Jones,47,16,3,Engineering,10226.58
541,Yvonne Cannon,33,5,3,Engineering,6678.99
542,Kevin Moon,55,7,5,Marketing,6069.79
543,William Johnson,47,19,2,Finance,8342.48
544,George Dennis,38,12,3,Engineering,7346.23
545,Phillip Parrish,46,16,4,Sales,6578.98
546,Amanda Tucker,48,9,5,Marketing,6883.16
547,Mark Espinoza,60,9,3,Engineering,8381.96
548,Tammy Anderson,28,7,3,Engineering,7221.99
549,Eric Holder,59,3,5,Marketing,4938.31
550,Morgan Rivera,25,7,5,Marketing,6034.44
551,Dawn Martinez,22,1,5,Marketing,3816.65
552,Mary Cook,34,16,3,Engineering,9495.12
553,Angela Price,60,12,1,Human Resources,4380.03
554,Richard Morton,35,13,4,Sales,5554.01
555,Laurie Vargas,54,8,3,Engineering,8372.37
556,Ana Maldonado,47,0,4,Sales,3574.71
557,Thomas Cox,33,14,4,Sales,5793.62
558,James Smith,27,5,2,Finance,4764.4
559,Austin West,30,12,5,Marketing,6977.91
560,Sierra Taylor,22,2,5,Marketing,4270.79
561,Jordan Arnold DVM,39,1,1,Human Resources,3183.05
562,Kimberly Taylor,51,11,1,Human Resources,5110.06
563,Melissa Carter,50,9,5,Marketing,6953.87
564,Gary Wyatt,57,19,4,Sales,7061.96
565,Jaime Miller,49,2,3,Engineering,4700.28
566,Amber Miller,44,9,5,Marketing,6549.48
567,Laura Parker,29,8,1,Human Resources,5033.17
568,James Tate,46,7,3,Engineering,8380.67
569,Lisa Gardner,37,12,4,Sales,5624.02
570,Mia Cooper,25,2,5,Marketing,3654.77
571,Stanley Beasley,47,19,2,Finance,7793.78
572,Kimberly Alvarez,59,15,4,Sales,7589.07
573,James Hammond,45,0,1,Human Resources,3050.67
574,Whitney Estes,47,19,4,Sales,7053.66
575,Karla Allen,45,14,1,Human Resources,4578.1
576,Brian Adams,50,20,4,Sales,6815.83
577,Amber Smith,47,10,3,Engineering,8632.55
578,Cynthia Jones,55,5,4,Sales,4701.48
579,Alexander Ramos,28,4,2,Finance,5498.88
580,Cristian Davis,40,17,2,Finance,7926.95
581,Jenny Stuart,27,5,3,Engineering,6669.32
582,Emily Dean,43,0,1,Human Resources,2849.03
583,Mark Anderson,48,2,4,Sales,3643.82
584,Karen Warren,49,7,4,Sales,5518.91
585,Patricia Warner,60,18,4,Sales,6919.56
586,Bonnie Brewer,28,9,4,Sales,5767.24
587,Morgan Cohen,23,2,1,Human Resources,3261.77
588,Valerie Williams,25,1,3,Engineering,4564.01
589,Karla Cunningham,30,4,4,Sales,4845.52
590,Patrick Ramirez,56,17,2,Finance,7667.81
591,David Hall,37,0,3,Engineering,4943.92
592,Carol Mueller,27,0,4,Sales,3165.34
593,Kevin Bennett,42,15,3,Engineering,9602.09
594,Tina Garcia,28,3,1,Human Resources,3902.05
595,Lisa Bradford,47,3,1,Human Resources,3553.82
596,Nicholas Jones,60,2,3,Engineering,4991.1
597,James Sanchez,58,14,4,Sales,6078.36
598,Leroy King,51,20,4,Sales,6447.55
599,Stephanie Wiggins,54,14,5,Marketing,6738.48
600,Perry Johnson,59,8,2,Finance,6284.38
601,Miranda Cooper,39,16,1,Human Resources,6186.21
602,Tracy Jackson,57,12,3,Engineering,7616.38
603,Raymond Oliver,59,18,5,Marketing,7455.19
604,Sarah Cross,44,15,1,Human Resources,5592.56
605,Lindsay Alexander,35,11,2,Finance,5850.23
606,Joshua Walker,48,8,2,Finance,5997.63
607,Benjamin Smith,53,2,2,Finance,4131.38
608,Kevin Gregory,31,3,3,Engineering,6996.2
609,Michelle Stevens,46,13,3,Engineering,8502.6
610,Devin Landry,47,7,3,Engineering,8296.21
611,Kenneth Johnson,30,11,3,Engineering,7376.69
612,John Wilson,33,15,3,Engineering,9578.37
613,Michael Gardner,54,12,5,Marketing,6156.55
614,Edward Johnson,43,0,3,Engineering,4749.96
615,Crystal Chavez,23,5,3,Engineering,6519.51
616,Jared Phillips,46,6,1,Human Resources,3927.73
617,Stephanie Williams,27,1,3,Engineering,4856.89
618,Theresa Long,55,8,4,Sales,5436.24
619,Dorothy Collins,53,0,5,Marketing,4262.84
620,Tracy Vaughn,55,12,5,Marketing,6770.29
621,Nathaniel Patterson,39,6,2,Finance,5000.11
622,John Dominguez,42,8,5,Marketing,6929.65
623,Kevin Hendrix,53,20,5,Marketing,8724.5
624,Susan Howard,43,17,4,Sales,6757.44
625,Jerry Martin,24,0,3,Engineering,4854.42
626,John Berg,34,16,2,Finance,8009.01
627,Catherine Silva,22,2,4,Sales,3808.78
628,Brad Guzman,45,18,2,Finance,8602.11
629,Jasmine Myers,41,8,2,Finance,5891.29
630,Andrew Dickson,34,6,4,Sales,4452.38
631,Megan English,29,11,5,Marketing,6468.32
632,William Barnes,59,4,5,Marketing,5203.26
633,David Brennan,56,3,3,Engineering,6102.02
634,Scott Randall,54,7,5,Marketing,6859.29
635,Kevin Smith,22,0,1,Human Resources,3106.16
636,Donna Gibson,27,9,2,Finance,6832.52
637,Roberto Pruitt,33,11,5,Marketing,6859.22
638,Alexandria Hayes,27,8,3,Engineering,8397.37
639,Matthew Rocha DDS,29,2,3,Engineering,4939.21
640,Christopher Blair,51,8,5,Marketing,6541.5
641,Matthew Juarez,24,2,4,Sales,3262.26
642,Jasmine Ross,28,1,5,Marketing,4138.92
643,Jennifer Lester,33,0,3,Engineering,4679.25
644,Jeffrey Lindsey,23,1,2,Finance,4155.16
645,Lisa Shepherd,52,20,4,Sales,6621.44
646,Richard Gilmore,43,0,5,Marketing,3694.04
647,Jacqueline Sheppard,53,6,3,Engineering,6064.87
648,Brandi Mcintyre,46,16,2,Finance,7203.19
649,Kelly Powell,48,5,1,Human Resources,4070.62
650,Pamela Johnson,45,11,5,Marketing,6697.47
651,Roberta Galvan,51,16,4,Sales,7020.91
652,Matthew Berg,56,13,1,Human Resources,4474.91
653,Jessica Campbell,39,3,2,Finance,4766.9
654,Zoe Brown,39,20,3,Engineering,9038.26
655,Erica Johnson,58,7,5,Marketing,5972.16
656,Brandi Brown,38,1,4,Sales,3773.6
657,Derrick Leblanc,38,15,1,Human Resources,5689.84
658,Amanda Cannon,60,4,5,Marketing,5048.44
659,Margaret Douglas,48,15,1,Human Resources,5526.41
660,William Smith,28,0,1,Human Resources,2833.42
661,Kevin Santos,30,9,4,Sales,5621.53
662,Michael Green,41,10,4,Sales,5720.68
663,Alex Jackson,58,18,3,Engineering,9490.7
664,David Harvey,23,5,5,Marketing,4740.04
665,Justin Navarro,58,16,1,Human Resources,5869.24
666,Lucas Gonzalez,29,6,5,Marketing,4923.57
667,Crystal Werner,51,15,1,Human Resources,5663.46
668,Jeremy Robinson,51,18,1,Human Resources,6551.84
669,James Harris,32,0,4,Sales,3581.41
670,Billy Aguirre,44,9,4,Sales,5663.7
671,Jennifer Stephens,25,3,2,Finance,5112.41
672,Michelle James,38,10,1,Human Resources,4731.79
673,Paul Casey,30,10,5,Marketing,6452.36
674,Paul Martinez,60,0,4,Sales,3637.5
675,Adam Thompson,31,2,3,Engineering,5202.15
676,Carol Phillips,26,0,2,Finance,3737.36
677,Scott Avery,57,2,5,Marketing,4000.09
678,Christina Lopez,39,5,2,Finance,5108.44
679,Cody Mcpherson,25,3,2,Finance,5585.35
680,Lori Peterson MD,43,14,1,Human Resources,4926.16
681,Maria Ellis,28,7,3,Engineering,8052.01
682,Caroline Moreno,29,6,2,Finance,4800.01
683,Eric Ray,42,7,4,Sales,5718.31
684,Amy Rodriguez,33,7,3,Engineering,7387.53
685,Rachel Wright,35,1,3,Engineering,4837.21
686,Emily Olson,39,5,5,Marketing,4828.56
687,Emily Hall,23,4,3,Engineering,6749.7
688,Brian Sanders,25,0,2,Finance,3765
689,William Montgomery,27,4,2,Finance,5087.53
690,Karen Pierce,45,19,4,Sales,7553.94
691,Jacob Gonzales,39,1,5,Marketing,3763.45
692,Kathryn Moore,37,14,4,Sales,5608.74
693,Stephen Wheeler,31,10,5,Marketing,6296.67
694,Jennifer Floyd,38,15,5,Marketing,7229
695,Dustin Smith,30,3,4,Sales,4816.41
696,Regina Collins,40,14,2,Finance,5848.38
697,Lisa Smith,54,20,1,Human Resources,5969.11
698,Jennifer Brown,39,11,2,Finance,6477.67
699,Lindsey Woodard,60,13,4,Sales,5743.84
700,Brenda Jordan,46,1,1,Human Resources,3113.18
701,James Gregory,48,3,2,Finance,4943.4
702,Kathy Anderson,56,7,1,Human Resources,4329.58
703,Brooke Hunter,40,8,4,Sales,5850.26
704,Dylan Mitchell,53,4,3,Engineering,6546.35
705,Andrew Miller,51,8,4,Sales,5976.45
706,Mitchell Vega MD,38,17,2,Finance,8514.22
707,Brittney Turner,40,3,1,Human Resources,4167.79
708,Jacob Kaufman,23,0,1,Human Resources,2991.06
709,Megan Cole,37,19,1,Human Resources,5800.35
710,Janice Knight,34,14,5,Marketing,6773.19
711,Misty Thompson,38,4,4,Sales,4505.68
712,Blake Douglas,57,13,4,Sales,5245.46
713,Vincent Wilson,23,0,4,Sales,3748.48
714,Ryan Dawson,26,5,5,Marketing,5597.86
715,Lauren Thomas,43,5,4,Sales,4519.34
716,Karen Andrews,26,0,3,Engineering,4575.7
717,Mrs. Andrea Evans,23,4,2,Finance,5083.34
718,Kevin Robertson,43,20,4,Sales,7424.95
719,Mr. Blake Hall,40,4,3,Engineering,7022.31
720,Anne Roberson,25,5,3,Engineering,6114.51
721,Victoria Brady,57,0,5,Marketing,3653.58
722,Christian Cooke,58,19,2,Finance,8603.76
723,John Saunders,40,2,3,Engineering,4889.4
724,Kyle Black,24,4,4,Sales,4588
725,Jeremy Jones,49,19,2,Finance,8748.91
726,Diamond Lewis,24,4,5,Marketing,4749.23
727,Nicole White,33,10,4,Sales,5766.12
728,Jack Ramirez,44,14,4,Sales,5123
729,Margaret Carpenter,57,1,3,Engineering,4875.47
730,Matthew Cameron,37,3,5,Marketing,5515.97
731,Alison Lloyd,55,17,3,Engineering,9866.94
732,Jonathan Roberson,50,18,5,Marketing,8795.49
733,Scott Terry,28,5,5,Marketing,5261.42
734,Dr. Lauren Jordan MD,59,4,4,Sales,4387.26
735,Charles Sosa,25,7,3,Engineering,7552.18
736,Laura Glover,38,19,3,Engineering,9701.04
737,Brandon Ramos,53,8,3,Engineering,7796.05
738,Phillip Zhang,56,18,3,Engineering,9137.43
739,Patrick Jones,60,14,2,Finance,6233.05
740,Tyler Velazquez,55,0,4,Sales,3474.97
741,Tommy Harris,47,2,1,Human Resources,3133.64
742,Megan Moyer,46,14,2,Finance,6600.61
743,Timothy Mueller,56,19,3,Engineering,10417.53
744,Michael Todd,40,15,3,Engineering,9016.73
745,Jimmy Schwartz,34,13,3,Engineering,7548.27
746,Alexis Baxter,39,6,2,Finance,5368.15
747,Marcus Meyer PhD,45,4,5,Marketing,5183.35
748,Brandon Maynard,58,17,5,Marketing,7208.5
749,John Yates,51,2,5,Marketing,4243.6
750,Jerry Fernandez,53,8,5,Marketing,6749.2
751,Robert Cole,32,14,4,Sales,5654.23
752,James Ritter,37,12,5,Marketing,5845.07
753,Heather Wood,44,11,5,Marketing,6741.14
754,Amy Marshall,40,11,2,Finance,6507.15
755,Sarah Wilson,59,7,5,Marketing,6760.91
756,Dr. William Ross,48,18,5,Marketing,8402.8
757,Sara Little,23,4,1,Human Resources,4136.34
758,Kyle Ross,56,0,4,Sales,3512.61
759,Kyle Hoffman Jr.,39,2,3,Engineering,4640.32
760,Kathryn Tucker,32,11,1,Human Resources,4964.31
761,Brian Barnes,48,5,1,Human Resources,3993.97
762,Carmen Nguyen,37,5,1,Human Resources,4088.96
763,Tracy Miller,25,7,3,Engineering,7471.81
764,Jane Jackson,44,15,1,Human Resources,5633.97
765,Edwin Clark,36,14,1,Human Resources,5174.79
766,Beverly Hayden,36,5,4,Sales,4777.48
767,Brandon Khan,27,8,3,Engineering,8653.17
768,Candace Galvan,40,6,1,Human Resources,4101.8
769,Samuel Robles,59,13,4,Sales,5708.81
770,Robert King,55,12,2,Finance,6597.29
771,John Whitaker,60,8,4,Sales,6035.82
772,Jonathan Rodriguez,29,7,4,Sales,5688.26
773,Angela Payne,39,15,2,Finance,8211.83
774,Amy Smith,38,1,5,Marketing,3725.18
775,Ryan Gallegos,56,7,1,Human Resources,4774.96
776,Lisa Clark,52,10,5,Marketing,6676.99
777,Joseph Hammond,38,19,5,Marketing,7633.51
778,Lawrence Chen,48,2,2,Finance,3761.8
779,Jerry Garcia,34,0,5,Marketing,3851.06
780,Ryan Cooper,46,4,5,Marketing,4931.16
781,William Le,50,0,4,Sales,3300.44
782,Matthew Buchanan,53,16,2,Finance,7879.76
783,Thomas Smith,44,12,3,Engineering,8652.54
784,Derrick Drake,51,3,1,Human Resources,3905.51
785,Daniel Erickson,39,12,2,Finance,6000.54
786,Lori Johnson,51,9,2,Finance,5858.52
787,Mrs. Shannon Howell DVM,25,3,1,Human Resources,4053
788,Fernando Gibson,25,2,4,Sales,3417.96
789,Carrie Hoffman,33,1,4,Sales,3725.28
790,Jennifer Ball,31,1,4,Sales,3611.66
791,Devon Peters,58,3,2,Finance,5508.09
792,Dr. Adrian Morris,59,14,4,Sales,5344.58
793,Charles Peterson,35,7,3,Engineering,8307.77
794,Denise Stephens,31,10,4,Sales,5335.75
795,Christine Williams,49,5,4,Sales,4949.55
796,Amy Brown,60,8,2,Finance,6574.56
797,Stephanie Rhodes,42,10,5,Marketing,6175.38
798,Shane Gonzales,48,15,3,Engineering,9539.02
799,Taylor Buchanan DDS,48,7,2,Finance,6004.39
800,Charles Reese,56,16,2,Finance,8311.43
801,Kathleen Graham,41,15,4,Sales,6606.2
802,Jamie Gould,59,0,2,Finance,4076.24
803,David Lopez,24,6,4,Sales,4335.82
804,Ronald Ruiz,45,4,3,Engineering,6710.56
805,Matthew Kim,45,2,4,Sales,3720.46
806,Michelle Lee,37,16,3,Engineering,10556.05
807,Michael West,29,8,4,Sales,5892.15
808,Melissa Watkins,29,1,1,Human Resources,2812.63
809,Paul Johnson,47,7,5,Marketing,5873.13
810,Tina Mills,50,1,2,Finance,4159.16
811,Haley Todd,25,4,2,Finance,5063.08
812,Andrew Powers,26,3,4,Sales,4488.44
813,Debra Hernandez,27,2,5,Marketing,3624.92
814,Victoria Clark,47,14,5,Marketing,6092.26
815,Connie Perry,58,0,5,Marketing,3626.94
816,Joe Cruz,30,1,1,Human Resources,3227.51
817,Kathleen Mullen,22,1,1,Human Resources,2846.04
818,Brandy Ewing,50,3,4,Sales,4602.18
819,Joshua Fletcher,52,6,4,Sales,4130.47
820,Stephen Davis,31,1,5,Marketing,4133.48
821,Vincent Pratt,44,1,3,Engineering,4823.03
822,Craig Day,44,19,3,Engineering,10795.84
823,Sarah Green,28,0,5,Marketing,4310.49
824,Richard Franklin,40,20,4,Sales,6755.41
825,Tammy Maddox,53,7,3,Engineering,8641.54
826,Dylan Vance,44,18,2,Finance,8793.85
827,Zachary Gutierrez,33,11,4,Sales,5964.47
828,Eric Williams,54,11,3,Engineering,8551.79
829,Michelle Scott,44,10,1,Human Resources,4559.05
830,Monica Williams,36,3,5,Marketing,5279.77
831,Joshua Walker,55,7,3,Engineering,7307.61
832,James Beard,57,2,4,Sales,3216.44
833,April Green,53,4,4,Sales,5003.99
834,Craig Wilson,55,19,3,Engineering,9653.28
835,Martha Young,47,2,2,Finance,4198.55
836,Matthew Taylor,53,6,4,Sales,4829.07
837,John Martin,34,5,3,Engineering,6965.43
838,Benjamin Hart,45,3,2,Finance,5717.53
839,Natalie Long,23,0,2,Finance,3793.2
840,Anthony Graham,36,10,4,Sales,5085.19
841,William Evans,24,2,4,Sales,3437.83
842,Kayla Frost,44,19,4,Sales,6482.11
843,Katrina Costa,46,5,3,Engineering,5879.15
844,Bruce Lopez,30,6,5,Marketing,5054.84
845,Timothy Erickson,24,2,4,Sales,3698.62
846,William Jacobs,40,8,3,Engineering,8105.89
847,Amanda Molina,31,7,5,Marketing,6160.36
848,Gloria Charles,58,8,2,Finance,6597.56
849,Paul Jones,30,5,4,Sales,4306.14
850,Jesus Allen,37,12,4,Sales,5056.11
851,Maria Waters,34,0,1,Human Resources,3158.61
852,Levi Hanson,46,18,5,Marketing,8197.99
853,Miranda Wilson,50,11,5,Marketing,6735.75
854,Charles Yu,32,10,5,Marketing,5809.84
855,Eric Williams,43,13,3,Engineering,8539.39
856,Anthony Padilla,43,8,1,Human Resources,4914.75
857,Katherine Hoffman,47,18,2,Finance,8101.43
858,Wesley Hawkins,30,10,1,Human Resources,4919.63
859,Thomas Williams,47,0,2,Finance,4291.55
860,Joseph Cortez,24,2,4,Sales,3560.86
861,Penny Collins,29,8,1,Human Resources,4877.71
862,Tyler Scott,60,14,4,Sales,6149.56
863,Nancy Brock,32,2,5,Marketing,4205.38
864,Scott Mccoy,30,2,5,Marketing,3953.84
865,Mrs. Connie Miller,44,6,3,Engineering,6769.62
866,Joshua Andersen,43,12,3,Engineering,7822.77
867,Caleb Johnson,52,15,3,Engineering,9457.75
868,Pamela Gross,50,7,5,Marketing,6523.97
869,Adam Atkinson,51,9,4,Sales,6079.56
870,Brandon Mejia,31,13,5,Marketing,6949.3
871,Richard Reese,42,8,3,Engineering,7747.05
872,Nicholas Nelson,23,4,3,Engineering,6535.98
873,Zachary Montgomery,33,13,5,Marketing,6030.89
874,Jesus Nicholson,60,6,1,Human Resources,4286.59
875,David Wilson,33,2,1,Human Resources,3288.67
876,Cheryl Gonzalez,53,0,1,Human Resources,3089.71
877,Luis Norton,39,20,2,Finance,8487.06
878,Steven Wiley,27,1,2,Finance,4172.08
879,Monica Clarke,41,1,1,Human Resources,3055.89
880,Leon Haley,33,4,5,Marketing,4735.48
881,Diana Choi,34,0,4,Sales,3468.34
882,Michael Brooks,51,16,3,Engineering,10349.57
883,Patricia Simpson,30,9,4,Sales,5798.84
884,Ashley Nielsen MD,25,4,2,Finance,5068.05
885,Michele Griffin,34,5,5,Marketing,5659.36
886,Bailey Francis,24,3,4,Sales,4247.29
887,Anna Beck,54,14,4,Sales,5600.4
888,Mr. Cory Adams DVM,54,16,5,Marketing,8305.41
889,Yvonne Thompson,32,4,3,Engineering,6756.28
890,Carmen Roman,46,8,5,Marketing,6590.26
891,Calvin Holland,22,4,5,Marketing,4966.3
892,Caitlin Fletcher,41,14,2,Finance,5959.94
893,Joyce Larsen,22,3,4,Sales,4673.71
894,Suzanne Erickson,39,13,1,Human Resources,4895.33
895,Timothy Gomez,23,2,5,Marketing,3743.48
896,Pamela Kelly,53,11,2,Finance,6662.58
897,Alexandra Ross,29,10,5,Marketing,6342.62
898,Matthew Pace,32,11,3,Engineering,8268.42
899,Mike Clark,33,13,1,Human Resources,5123.87
900,Gary Thompson,41,0,5,Marketing,3735.78
901,Tina Lopez,44,7,5,Marketing,5784.51
902,Maria Byrd,39,3,4,Sales,4803.98
903,James Delacruz,22,1,5,Marketing,4087.76
904,Joyce Bradley,40,8,2,Finance,6655.54
905,Debra Garrett,40,9,2,Finance,6832.84
906,Ashley Callahan,24,0,5,Marketing,4242.25
907,Grant Lutz,37,2,5,Marketing,4368.74
908,Dawn Edwards,47,2,2,Finance,4028.75
909,Andrea Pierce,28,2,5,Marketing,3990.8
910,Bruce Cruz,28,6,3,Engineering,6372.45
911,Michael Maldonado,48,6,3,Engineering,6049.8
912,Stephen Jones,41,2,2,Finance,4058.09
913,Christina Barry,46,2,3,Engineering,4777.01
914,Debra Edwards,43,16,3,Engineering,10842.62
915,Sean Ritter,38,13,3,Engineering,8133.11
916,Donald Dixon,32,3,5,Marketing,5296.55
917,Kayla Bell,51,12,2,Finance,6214.3
918,Michelle Reilly,30,1,4,Sales,3186.39
919,Timothy Chandler,49,8,2,Finance,5800.63
920,Jeremiah Gordon,59,15,5,Marketing,7877.34
921,Yvonne Robinson,46,12,4,Sales,5134.71
922,Richard Herring,58,5,3,Engineering,6638.9
923,Jesse Miller,42,12,4,Sales,6026.69
924,Christopher Perez,33,9,3,Engineering,8612.66
925,Cindy Bates,55,5,5,Marketing,5365.41
926,Brian Johnson,26,8,5,Marketing,6030.38
927,Matthew Johnson,58,15,2,Finance,8580.79
928,Joseph Brooks,51,13,4,Sales,6032.42
929,Danielle Larson,50,5,2,Finance,4884.52
930,Denise Powell,40,4,5,Marketing,5446.92
931,Cody Butler,31,10,4,Sales,5360.9
932,James Taylor,27,9,3,Engineering,8484.22
933,Mr. Stephen Lam DDS,32,10,5,Marketing,7036.46
934,Mark Woods,38,16,4,Sales,6342.04
935,Michael Phillips,23,3,2,Finance,5613.26
936,Curtis Brooks,32,13,4,Sales,5737.35
937,Emily Leach,35,15,4,Sales,7662.74
938,Melanie Cross,31,2,2,Finance,3972.01
939,Joanne Perkins,26,5,4,Sales,4866.12
940,Erik Wagner,40,18,4,Sales,6387.35
941,Carol Richmond,24,5,3,Engineering,6285.86
942,Kelly Pace,33,11,2,Finance,5845.78
943,Kathleen Taylor,40,3,1,Human Resources,4270.77
944,Amy Richard,58,1,3,Engineering,5316.97
945,Elizabeth Williams,53,19,4,Sales,7493.57
946,Sean Johnson,35,15,4,Sales,7613.15
947,Micheal Garcia,53,3,1,Human Resources,3576.38
948,John Bennett,58,5,1,Human Resources,3810.77
949,Stephanie Higgins,56,7,5,Marketing,5850.92
950,Misty Newton,39,14,2,Finance,6029.82
951,Julie Cochran,44,14,2,Finance,6053.59
952,Cynthia Walter,38,15,3,Engineering,9938.21
953,Andrew Cooke,27,1,1,Human Resources,2861.14
954,Marilyn Murphy,37,1,4,Sales,3220.68
955,Christopher Daugherty,29,1,5,Marketing,3733.99
956,Laurie Jennings,22,1,5,Marketing,3717.82
957,Lori Kent,23,4,2,Finance,5692
958,Jillian Powers,26,7,5,Marketing,6731.89
959,Michelle Jensen,42,7,2,Finance,6998.73
960,Robert Carr,54,18,5,Marketing,7903.58
961,Savannah Zamora,34,0,2,Finance,3822.69
962,Connor Cohen,48,18,2,Finance,8477.27
963,Christopher Sanders,28,1,4,Sales,3378.38
964,Christopher Figueroa,53,3,2,Finance,4991.36
965,Roberto Martin,49,1,4,Sales,3312.75
966,Paula Adams,28,4,4,Sales,4213.01
967,Kristina Lowe,44,14,5,Marketing,6088.27
968,Jose Caldwell,49,14,2,Finance,6214.81
969,Sara Klein,54,20,2,Finance,8278.39
970,Christopher Moran,42,18,4,Sales,6387.59
971,Colton Kent,49,9,4,Sales,5275.77
972,Nicole Frank,47,20,5,Marketing,8494.44
973,Carlos Johnson,40,5,1,Human Resources,3624.6
974,Robert Mills,42,15,3,Engineering,9685.29
975,Cheryl Blackburn,55,7,1,Human Resources,5150.07
976,Theresa Waller,39,3,3,Engineering,6051.4
977,Noah Chapman,58,13,3,Engineering,7332.38
978,Kevin Powers,48,20,4,Sales,6978.35
979,Todd Chavez,30,5,3,Engineering,6243.15
980,Pamela Williams,44,16,1,Human Resources,6076.09
981,Joshua Green,45,20,4,Sales,7425.33
982,John Lopez,58,17,4,Sales,6492.01
983,Stephanie Johnson,58,8,1,Human Resources,4877.47
984,Dalton Potter,26,6,5,Marketing,5205.73
985,Jesse Lee,24,2,4,Sales,3250.86
986,Sherry Lee,54,11,3,Engineering,8198.4
987,Amy Adams,40,6,4,Sales,4344.01
988,William Underwood,44,12,4,Sales,5586.37
989,Andrea Williams,36,0,1,Human Resources,2749.36
990,Don Bates,55,4,3,Engineering,6447.46
991,Brian Rodriguez,24,6,3,Engineering,6248.4
992,Natasha Bullock,26,7,1,Human Resources,5109.49
993,Karen Montgomery,28,2,2,Finance,3645.58
994,Rebecca Brown,29,11,2,Finance,6295.82
995,Monica Ramirez,44,20,2,Finance,7933.49
996,Kristina Wood,44,15,4,Sales,7315.01
997,Robert Wilson,49,17,1,Human Resources,6089.15
998,Ashley Perry,32,1,3,Engineering,5167.21
999,Melissa Hughes,44,17,5,Marketing,8443.28
1000,Jacqueline Brown,39,17,5,Marketing,8579.52
318,Jason Allen,40,4,1,Human Resources,3829.34
